Country,FID,ADM0_CODE,ADM0_NAME,ISO3166_1_,Survey,year,bmi_w_mean,bmi_w_norm,bmi_w_over,bmi_w_over2,bmi_w_over3,bmi_m_mean,no_name,bmi_m_norm,bmi_m_norm2,bmi_m_over,bmi_m_over2,bmi_m_over3,bmi_m_over3,bmi_m_over4,bmi_m_over5,hiv_w,hiv_m,hiv_m2,hiv_pop,own_w,own_m,own_m2,violence,violence_12m,media_w,media_m,media_m2,water_hh,water_pop,water_piped_pop,water_piped2_pop,water_public_pop,water_lt_30m,water_gt_30m,water_gt_30m_pop,h_apprt,toilet_pop,toilet_shared_pop,toilet_unimp_pop,toilet_open_pop,wash_hh,wash_soap_hh,one_room_hh,persons_per_room,television_hh,telephone_hh,refrigerator_hh,pop_0,pop_5,pop_10,pop_15,pop_20,pop_25,pop_30,pop_35,pop_40,pop_45,pop_50,pop_55,pop_60,pop_65,pop_70,pop_75,pop_80,hh_members
Afghanistan,145,1,Afghanistan,AFG,2015 DHS,2015 ,,,,,,,,,,,,,,,,,,,,47.6,89.7,89.7,55.5,51.8,1.1,6.9,6.9,65.3,66.4,2.2,4.5,15.3,39.9,13.5,13.3,6,26.2,6.5,67.3,12.5,75.5,35.8,16.4,2.9,50.7,87.3,19.2,16.1,16.6,14.3,11.7,9.2,7.2,4.8,4.5,3.2,3.6,2.3,2.1,1.7,1,0.8,0.4,0.4,8
Albania,206,3,Albania,ALB,2017-18 DHS,2017-18 ,25.4,50.4,45.2,28.8,16.4,25.6,26.3,44.6,38.5,53.1,59.8,39.7,41.7,13.4,18.1,,,,,92.3,84.8,86,,,7.5,15.8,14.9,83.3,82.5,48.6,5.6,2.7,21,2,2.3,4.8,96.2,0.6,3.2,0,,,25.3,1.6,98.4,96.9,96.4,5,5.6,6.6,6.8,6.9,6.6,5.7,5.4,5.7,6.5,7.2,7.6,7.7,5.8,4.1,3.4,3,3.3
Albania,206,3,Albania,ALB,2008-09 DHS,2008-09 ,24.5,57.5,39.3,29.6,9.7,25.4,,45.7,,53.3,,44.8,,8.5,,,,,,84.6,,,,,21.5,35.4,35.4,94.5,94.2,50.6,10.6,2.8,9.3,4.1,4.6,7.3,91.8,2,6.2,0,,,20.7,1.8,98.9,94.1,94.8,5.2,7.6,10.3,9.6,6.3,4.8,4.8,6.3,7.4,7.4,7.5,5.6,4.8,4.4,3.3,2.4,2.1,3.8
Angola,28,8,Angola,AGO,2015-16 DHS,2015-16 ,,,,,,,,,,,,,,,,2.6 (CI: 2.0 – 3.1),1.2 (CI: 0.8 – 1.6),1.2 (CI: 0.8 – 1.7),2.0 (CI: 1.6 – 2.4),74.8,76.2,76.3,41.3,33.9,20.1,47.5,47.5,52.3,53.3,4.5,10.8,10.1,33.4,28.3,28.6,32,36.1,13.7,50.3,27.4,37.9,64.3,41,2.4,51.2,62.7,35.5,19.9,17.4,13.5,9.8,7.9,6.7,4.8,4.2,3.5,2.6,3.2,2.3,1.4,0.9,0.6,0.3,0.4,4.8
Angola,28,8,Angola,AGO,2011 MIS,2011 ,,,,,,,,,,,,,,,,,,,,,,,,,,,,48.7,51.2,6.2,8.1,17.6,,,,,47.7,,52.3,36.6,,,45.3,2.6,43.6,51.7,21,21.3,14.6,12.1,10.3,9.1,7.7,5.3,4.4,3.1,2.5,3.8,1.9,1.6,0.8,0.6,0.3,0.4,5
Armenia,162,13,Armenia,ARM,2015-16 DHS,2015-16 ,25.3,51.4,45,29.9,15.1,,,,,,,,,,,,,,,96,82.4,82.4,14,7.6,11.5,12.6,12.6,98.4,98.1,87.8,8.1,0.5,1.5,0.2,0.3,5.4,76.6,0.4,23,0,96.2,96.5,29.6,1.7,99.5,96.3,96.9,6.3,6.5,6.4,5.3,6.9,8,7.4,6.2,5.4,5.1,8.6,8.3,6.2,4.4,2.4,3.5,3.1,3.5
Armenia,162,13,Armenia,ARM,2010 DHS,2010 ,,,,,,,,,,,,,,,,,,,,94.2,88,88,,,15.5,9.2,9.2,95.1,94.6,79.8,11.1,1.4,5.4,0.4,0.4,7.2,78.9,1,20.2,0,88.4,95.6,31.3,1.8,98.7,86.9,91.7,6.3,5.7,6.6,7.2,8.6,8.1,6.9,5.2,5.7,7,9,6.5,5.1,2.5,4.1,2.8,2.8,3.6
Azerbaijan,161,19,Azerbaijan,AZE,2006 DHS,2006 ,25.4,47.7,47.4,29.5,17.9,24.4,24.6,57.8,54.8,40,43.1,35.8,38.3,4.3,4.9,,,,,72.1,,,14.8,11.5,14.7,24.2,23.5,80.3,78.4,30.4,19.8,3.8,14.7,8.4,9.2,69.7,76.6,6.7,16.7,0.3,,,33.9,2.3,95,55.1,76.5,7.6,7.3,10.6,9.9,8.7,7.3,6.6,7.2,8,6.8,6,3.5,2,3.1,2.7,1.6,1,4.1
Bangladesh,144,23,Bangladesh,BGD,2014 DHS,2014 ,22.3,57.6,23.8,19.4,4.4,,,,,,,,,,,,,,,64.8,,,,,0.4,,,97.6,97.6,4.2,3,2.5,20.2,4.1,4.2,9.9,47.8,20.9,31.3,3.3,95.5,28.6,33.2,2.1,43.5,88.5,20.2,10.3,11.2,11.9,10.5,8.3,8.3,7.3,6.2,5.6,4.6,3.8,3.5,3,2,1.5,0.8,1.3,4.5
Bangladesh,144,23,Bangladesh,BGD,2011 DHS,2011 ,21.4,59.3,16.5,13.6,2.9,20.5,,67.1,,6.2,,5.5,,0.7,,,,,,63,,,,,0.5,3,2.9,98.5,98.5,5.6,4.1,2,24.8,3.7,4,9.9,36.6,16.7,46.7,4.2,86,24.9,35.4,2.2,39.9,78.4,13.5,11.2,12.2,11.9,9.9,8.9,8,6.6,5.8,5.4,4.8,3.9,3.1,2.7,1.8,1.6,0.7,1.4,4.6
Benin,56,29,Benin,BEN,2017-18 DHS,2017-18 ,23.1,63.1,25.8,16.4,9.4,,,,,,,,,,,,,,,46.4,97.4,97.2,41.8,31.9,2.2,3.7,3.6,71.2,67.8,4.2,3.6,12.6,42.2,19.9,21.3,3.2,12.8,17.4,69.8,57.5,55.1,18.4,32.8,2.3,28.7,83.9,4.6,18.5,16.8,13,9.1,7.2,7.3,5.8,5,3.6,3.3,2.7,2.2,1.6,1.5,1,0.6,0.8,5.2
Benin,56,29,Benin,BEN,2011-12 DHS,2011-12 ,23.6,66.9,26.9,19.7,7.2,,,,,,,,,,,,,,,63.5,95.7,95.7,,,6.5,12.3,13,78.4,76.8,7.4,10.5,27.2,42.9,14.1,15,4.5,15.1,15.8,69.1,57.5,31.1,30.1,41.6,2.5,37.4,71.5,6.9,16.5,17.9,14.9,8.3,6.4,6.6,5.8,5.3,3.9,2.8,3.6,2,1.9,1.3,1.1,0.6,0.9,5
Bolivia,109,33,Bolivia,BOL,2008 DHS,2008 ,25.8,48.3,49.7,32.3,17.4,,,,,,,,,,,,,,,89.2,,,,,30.6,43.9,44.8,85.6,85.5,24.2,54,5.5,9.7,2.2,2.2,5.8,,,,,,,55.9,2.3,68.7,56.2,33.6,12,13.5,13.4,9.7,7.2,7.1,6.2,5.8,4.8,4.5,3.9,3.3,2.6,2.4,1.3,1.2,1.1,3.9
Bolivia,109,33,Bolivia,BOL,2003 DHS,2003 ,25.4,52.6,45.5,30.3,15.1,,,,,,,,,,,,,,,87.6,,,,,34.7,45.6,47.7,80.9,79.8,22.2,48.4,,19.1,4.1,4.4,,1.8,6.2,92,33.9,,,,,60.3,,29.8,13.4,14.1,13.2,10.2,8.1,7,6.2,5.6,5,4,3.7,2.7,2,1.9,1.4,0.9,0.7,4.2
Brazil,108,37,Brazil,BRA,1996 DHS,1996 ,24,58.8,34.9,25.1,9.8,,,,,,,,,,,,,,,,,,,,,,,86.6,86,68.1,3.8,,,,,,49.4,,50.6,11.7,,,25.4,1.9,68.1,,77.8,9.5,11,11.8,11,8.7,7.6,7.4,6.8,5.8,4.8,4.2,3.3,2.7,2.2,1.4,1,0.9,4.1
Burkina Faso,55,42,Burkina Faso,BFA,2017-18 MIS,2017-18 ,,,,,,,,,,,,,,,,,,,,,,,,,,,,80.7,79.1,2,8,17.7,38.1,44.3,45.7,,25.1,27.2,47.7,40.1,,,24.7,2.4,25,93.9,5.8,17.3,17,14.7,9.2,6.6,6.2,6,5.4,4,3,3.2,2.4,1.9,1.1,0.9,0.5,0.6,5.7
Burkina Faso,55,42,Burkina Faso,BFA,2014 MIS,2014 ,,,,,,,,,,,,,,,,,,,,,,,,,,,,76.6,76,1.4,10.6,13.8,44.9,33.8,35.8,,22.9,23.6,53.6,50.2,,,27.2,2.4,24.8,86.4,6.6,18,17,13.7,9.5,7.6,6.8,5.7,4.8,3.7,2.9,2.9,2.2,1.9,1.1,0.9,0.5,0.7,5.9
Burundi,19,43,Burundi,BDI,2016-17 DHS,2016-17 ,20.9,73.2,7.8,6.1,1.7,,,,,,,,,,,1.2 (CI: 0.9 – 1.5),0.7 (CI: 0.5 – 1.0),0.6 (CI: 0.4 – 0.9),0.9 (CI: 0.7 – 1.2),72,95.5,95.5,50.2,31.6,0.3,1.7,1.7,82.9,82.8,1.4,5.1,24.9,48.2,42.2,42,4.4,43.8,8.6,47.6,2.2,98.6,5.3,22.9,2.2,4.8,46.9,1.4,17.2,16.8,14.7,9.8,7.6,6.9,5.7,4.7,3.6,2.9,2.8,2.4,1.9,1.1,0.8,0.4,0.6,4.8
Burundi,19,43,Burundi,BDI,2012 MIS,2012 ,,,,,,,,,,,,,,,,,,,,,,,,,,,,79.2,79,1.1,4.5,22.8,52.3,42.4,42.8,,6.8,3.7,89.5,2.5,,,22.8,2.1,4.3,32.1,1.3,19.1,16,13.3,10.4,8.2,7.3,5.5,4.4,3.3,2.9,3.1,2,1.5,0.9,0.9,0.4,0.7,4.7
Cambodia,127,44,Cambodia,KHM,2014 DHS,2014 ,22,68,18,15.2,2.8,,,,,,,,,,,,,,,91.5,75,75,28.7,19.6,4.8,8.5,8.5,65.2,64.5,11.1,2.2,0.8,,,,67,48.1,8.5,43.4,42.5,84.7,79.8,62.4,3,65.7,87.2,8,11.2,12,11.4,8.6,8.4,7.8,8.2,5,5.4,5,4.9,3.7,2.9,2.2,1.5,1,0.9,4.6
Cambodia,127,44,Cambodia,KHM,2010 DHS,2010 ,21.1,70,11,9.6,1.3,,,,,,,,,,,,,,,90.2,84,84,,,6.3,9.8,9.8,,,,,,,,,,35.5,7,57.5,55.3,,,73.7,3.4,62.4,61.9,5.4,11.3,11.1,12.1,10.6,8.8,8.5,6.1,5.2,5.9,5.4,4.1,3.3,2.6,1.8,1.4,1,0.8,4.7
Cameroon,26,45,Cameroon,CMR,2011 DHS,2011 ,23.9,60.9,32.2,21.5,10.7,,,,,,,,,,,5.6 (CI: 4.9 – 6.3),2.9 (CI: 2.4 – 3.4),2.9 (CI: 2.4 – 3.4),4.3 (CI: 3.8 – 4.8),38,,,60.1,43.2,6.3,15.6,15.1,70.8,68.6,7.2,6.2,25,53.6,26.5,27.8,10.2,39.9,17.1,43,7.2,,,31.1,2,45.6,67.2,15.1,16.9,15.4,12.8,10.2,8.5,7.4,5.6,4.7,3.8,3.1,3.1,2.3,2.1,1.3,1.2,0.7,0.9,5
Cameroon,26,45,Cameroon,CMR,2004 DHS,2004 ,23.6,64.6,28.7,20.6,8.2,,,,,,,,,,,6.6 (CI: 5.8 – 7.5),3.9 (CI: 3.3 – 4.5),4.1 (CI: 3.5 – 4.8),5.4 (CI: 4.8 – 6.0),34.9,,,50,33,8.7,18.1,18.6,59.6,57.7,8.7,4.2,,58.6,22.8,24.5,,15.9,10.4,73.7,7.2,,,,,22.9,,11.4,16.3,14.6,13.7,11.1,9.1,7.3,5.7,4.4,3.7,3,3,2.1,2,1.4,1.2,0.5,0.7,4.8
Central African Republic,27,49,Central African Republic,CAF,1994-95 DHS,1994-95 ,21,78,6.7,5.6,1.1,,,,,,,,,,,,,,,,,,,,,,,53.1,56.5,,2.7,19.1,64.1,28.3,27,,13.3,,86.7,25.9,,,31.6,2,2.6,,1.7,16.7,17.5,12.7,9.5,8.3,7.4,6.3,5,3.4,3,2.9,2.4,2.2,1.3,0.8,0.3,0.2,4.9
Chad,22,50,Chad,TCD,2014-15 DHS,2014-15 ,21.3,69.3,11.5,9,2.5,,,,,,,,,,,1.8 (CI: 1.3 – 2.3),1.3 (CI: 0.9 – 1.7),1.3 (CI: 0.9 – 1.8),1.6 (CI: 1.2 – 2.0),24.9,95.6,96.1,34.8,23.1,2.3,5.5,5.8,55.3,56.1,3,3.1,10.3,43.4,39.7,40.3,8.7,8.2,6.6,85.2,68.9,22.8,22.4,38.5,2.7,7.7,58.8,2,19.2,20.4,15.6,9.1,6.2,6,4.9,4.2,3.3,2.8,2.5,1.7,1.6,1,0.8,0.4,0.5,5.8
Chad,22,50,Chad,TCD,2004 DHS,2004 ,20.7,70.9,7,5.4,1.7,,,,,,,,,,,,,,,,,,,,1.3,6.4,6.9,35.8,36.3,,4.5,6.6,47,34.3,34.9,,2.7,,97.3,71.6,,,,,2.9,,1,19.1,18.5,13.9,9.3,7.1,6.7,5.2,4.3,3.8,3.5,2.6,1.6,1.6,1,1,0.3,0.6,5.4
Colombia,98,57,Colombia,COL,2015 DHS,2015 ,,,,,,,,,,,,,,,,,,,,92.6,87.9,88.8,,,,,,91.2,90.6,80.6,,0.2,2.8,1.1,1.3,,85,5.5,9.5,5.5,,,18.1,1.4,93,95.4,82.9,7.5,8.5,8.9,9.3,8.6,7.5,7.1,6.4,6.1,6,6.1,4.9,4.1,2.9,2.3,1.7,2,3.5
Colombia,98,57,Colombia,COL,2010 DHS,2010 ,25.2,48.9,46.3,31.1,15.2,,,,,,,,,,,,,,,89.8,,,,,,,,91.7,91,83.5,,0.1,2.6,1,1.2,,81,8.1,11,5.3,,,22.6,1.6,91.2,90.5,75.7,8.8,9.6,10.2,9.7,8.4,7.7,7,6.4,6.5,5.9,5.1,4,3.3,2.4,1.9,1.4,1.6,3.8
Comoros,17,58,Comoros,COM,2012 DHS,2012 ,24.2,56.6,36.3,24.6,11.8,,,,,,,,,,,,,,,46.6,79.4,79.1,10.6,8.1,7.9,19.7,19.9,87.9,87.5,13.3,24.3,21.1,15.1,14.5,14.6,22.8,28.9,8.8,62.3,0.5,49.8,32.9,21.2,2.2,59.6,73,27.1,14.5,14.4,12.8,10.7,7.8,6.7,6.2,5.7,4.2,2.9,3.9,2,2.9,1.4,2,0.8,1.3,5.4
Comoros,17,58,Comoros,COM,1996 DHS,1996 ,22.4,70.5,19.2,14.9,4.2,,,,,,,,,,,,,,,,,,,,,,,93.9,93.8,22.7,,26.7,40.2,6,6.3,,20.7,,79.3,0.3,,,16.6,2.5,9.9,,8.7,14.5,15.9,14.3,11.7,7.6,6.3,4.8,4.8,3.3,3,3.7,2.3,2.2,1.5,1.8,0.8,1.2,6.3
Congo,24,59,Congo,COG,2011-12 DHS,2011-12 ,22.9,59.5,26.1,17.3,8.8,,,,,,,,,,,,,,,39.7,,,,,9,4.6,4.1,75.7,76.4,3.5,22.6,27.4,26.1,35.8,34.9,7,13.5,29.2,57.2,8.2,,,47.2,2.4,46.9,81.7,19,17.7,14.4,11.7,9.5,8.3,7.8,6.8,6.3,4.3,3.6,3.1,2,1.7,1.1,0.9,0.5,0.5,4.3
Congo,24,59,Congo,COG,2009 AIS,2009 ,,,,,,,,,,,,,,,,4.1 (CI: 3.2 – 5.1),2.1 (CI: 1.5 – 2.6),2.1 (CI: 1.5 – 2.6),3.2 (CI: 2.5 – 3.8),,,,,,,,,75.4,76.8,2.8,20.5,34.9,,,,,3.5,11.1,85.3,7.7,,,43.8,2.2,38.2,76.7,13.4,16.5,14,12.3,9.3,8.6,8.5,7.3,5.7,4.5,3.4,3.4,2.1,1.5,1.1,1,0.4,0.3,4.2
Congo Democratic Republic,25,68,Democratic Republic of Congo,COD,2013-14 DHS,2013-14 ,21.9,69.7,16,12.6,3.4,,,,,,,,,,,1.6 (CI: 1.1 – 2.2),0.6 (CI: 0.3 – 0.9),0.6 (CI: 0.3 – 0.9),1.2 (CI: 0.8 – 1.5),46.3,90.2,90.1,57.4,44,2.2,6.3,6.1,48.7,50.4,1.1,6,10.3,41.3,50.8,50.8,3.4,20.5,20.6,58.9,13,13.7,24.2,32.7,2.5,15,39.1,4.5,19.9,17.1,14.5,9,7.3,6.8,5.2,4.4,3.6,2.8,2.9,2.1,1.8,1.1,0.7,0.4,0.3,5.3
Congo Democratic Republic,25,68,Democratic Republic of Congo,COD,2007 DHS,2007 ,21.3,70.3,11.3,8.9,2.4,,,,,,,,,,,1.6 (CI: 1.1 – 2.1),0.9 (CI: 0.5 – 1.3),0.9 (CI: 0.5 – 1.4),1.3 (CI: 0.9 – 1.7),40.5,,,71.3,66,2.8,8,8.1,46.2,48.2,3.1,7.4,17.3,42.1,47.3,46.2,,15.1,17.3,67.6,9.8,,,31.6,2.5,14,20.8,4.3,18.8,15.9,13.6,9.5,9.1,6.9,5.6,4.6,3.9,3.3,2.8,1.9,1.5,1,0.7,0.4,0.3,5.4
Cote d'Ivoire,54,66,Côte d'Ivoire,CIV,2011-12 DHS,2011-12 ,23.1,66.7,25.6,19,6.6,,,,,,,,,,,4.6 (CI: 3.8 – 5.4),3.3 (CI: 2.6 – 4.0),2.7 (CI: 2.0 – 3.4),3.7 (CI: 3.1 – 4.3),34.6,93.3,92.8,31.2,27.4,5.6,14.2,14.3,78.3,78.4,12.7,19.3,15.8,38.6,16.6,17.8,5.3,21.9,25,53.1,33.8,52,25,39.2,2.4,43.2,80.8,11.3,16,15.1,13.1,9,8.5,8,6.9,5.2,4.2,3.1,3.3,2.2,2.1,1.3,1,0.5,0.6,5.1
Cote d'Ivoire,54,66,Côte d'Ivoire,CIV,2005 AIS,2005 ,,,,,,,,,,,,,,,,6.4 (CI: 5.3 – 7.5),2.9 (CI: 2.0 – 3.7),2.9 (CI: 2.0 – 3.7),4.7 (CI: 4.0 – 5.4),,,,,,10.9,27.5,27.5,70.6,71.2,20.8,20,13.5,,,,,5.7,,94.3,30.9,,,,,37.9,,12.9,15.6,14.6,12.4,10.5,10.1,8.6,6.6,5.1,3.9,3.3,3,2,1.6,1.1,0.7,0.4,0.5,5.5
Dominican Republic,58,72,Dominican Republic,DOM,2013 DHS,2013 ,25.8,42.2,50.5,29.7,20.8,,,,,,,,,,,0.7 (CI: 0.5 – 0.9),0.9 (CI: 0.7 – 1.2),0.9 (CI: 0.7 – 1.2),0.8 (CI: 0.6 – 1.0),89.5,,,34.6,29.1,38.1,42.6,43,92.3,92.2,4.1,6.2,,10.6,2.4,2.3,,83.5,11,5.5,2.8,,,20.2,1.6,85.5,,74.1,10,9.4,10.7,10,9.3,7.8,7.4,6.2,6,5.3,4.7,3.4,3.2,2,1.8,1.1,1.8,3.5
Dominican Republic,58,72,Dominican Republic,DOM,2007 DHS,2007 ,,,,,,,,,,,,,,,,0.8 (CI: 0.6 – 0.9),0.8 (CI: 0.6 – 1.0),0.8 (CI: 0.6 – 1.0),0.8 (CI: 0.6 – 0.9),87.2,,,29.8,23.3,43.3,45.2,46.2,87.3,86.7,9.4,13,,10.7,3.3,3.5,8.1,21.9,7,71.1,3.6,,,20,1.7,77.4,68.8,70.6,9.8,11.5,11.8,10.5,8.4,7.7,6.8,6.4,5.9,4.4,4.5,2.9,2.9,2,1.8,1.1,1.4,3.7
Egypt,33,40765,Arab Republic of Egypt,EGY,2014 DHS,2014 ,30.3,15.2,84.6,36.5,48.1,,,,,,,,,,,,,,,82.7,,,30.3,18.6,2.3,,,97.8,97.7,90.5,0.4,3.1,5.3,1.9,2,10.6,73.9,1.2,24.9,0.1,96.2,89.7,21.9,2.1,97.5,90.3,96.9,13.4,11.6,10.3,9.1,8.2,8.8,7.3,6,4.9,4.7,4.4,3.5,3.4,1.9,1.3,0.5,0.6,4.1
Egypt,33,40765,Arab Republic of Egypt,EGY,2008 DHS,2008 ,29.2,21.5,78,38.4,39.6,,,,,,,,,,,,,,,86.8,,,,,7.7,,,98.2,98,91,0.2,2.6,1.8,0.7,0.7,3.3,95.2,4.1,0.8,0.4,,,,,94.7,40.5,91.2,11.7,11.6,10.7,10.5,10.4,8.5,6.3,5.7,5.5,5,4.1,3.4,2.5,1.7,1.2,0.6,0.6,4.6
Eritrea,15,77,Eritrea,ERI,2002 DHS,2002 ,20,53.8,8.9,7.3,1.6,,,,,,,,,,,,,,,87.5,,,,,17.6,,,60.5,59.6,15.8,20.5,,10.3,62,62.8,,2.1,,97.9,74.8,,,,,13.2,,7.1,15,17.2,15.5,10.6,5.7,5.4,4.1,3.9,3.5,3.1,3.5,2.8,3.3,2,2,1,1.4,4.8
Eritrea,15,77,Eritrea,ERI,1995 DHS,1995 ,19.5,55.2,4.2,3.2,0.9,,,,,,,,,,,,,,,,,,,,,,,47.5,48,11,11.5,,22.8,61.9,62.1,,0.9,,99.1,81.6,,,80.7,3.5,6.7,,3.6,16.5,16,15.2,9.2,5.8,5.2,4.2,3.9,4.4,3.9,3.3,2.9,3,2.2,2,1,1.3,4.4
Eswatini,36,235,Swaziland,SWZ,2006-07 DHS,2006-07 ,26.4,46.2,50.6,27.5,23.1,22.3,,72.4,,17.6,,13.7,,3.9,,31.1 (CI: 29.3 – 32.9),19.7 (CI: 17.9 – 21.5),19.7 (CI: 17.9 – 21.5),25.9 (CI: 24.4 – 27.4),68,,,,,23.1,30.7,30.7,69.8,64,13.7,17.2,17.6,32,24.5,28.8,11.2,12.8,5.7,81.5,19.9,,,34.9,2,35.4,60.3,34.4,14.5,14.1,15.1,12.5,9.6,6.8,5.1,4.4,3.5,3.1,2.9,2.1,2.3,1.4,1,0.7,0.8,4.6
Ethiopia,14,79,Ethiopia,ETH,2016 DHS,2016 ,20.7,70,7.6,6,1.5,19.6,19.7,64.1,64.3,3.1,3.5,2.8,3.1,0.4,0.4,1.2 (CI: 0.9 – 1.6),0.6 (CI: 0.4 – 0.8),0.6 (CI: 0.3 – 0.8),0.9 (CI: 0.7 – 1.2),81.4,96.9,96.9,33.8,27,1.3,4.7,4.7,64.8,61.6,0.7,10.2,17.8,35.3,44.5,47.6,6.5,6.7,6,87.3,32.9,59.9,13,70.3,3.4,13.8,55.5,5.3,14.7,16.7,15.8,9,6.9,7.3,5.9,5,3.7,2.8,3.1,2.2,2.5,1.6,1.2,0.6,1,4.6
Ethiopia,14,79,Ethiopia,ETH,2011 DHS,2011 ,20.2,67.4,5.7,4.7,1,19.3,19.4,60.4,60.9,2.3,2.5,2,2.2,0.3,0.3,1.9 (CI: 1.4 – 2.3),1.0 (CI: 0.7 – 1.2),1.0 (CI: 0.7 – 1.3),1.5 (CI: 1.1 – 1.8),74.4,97.3,97.4,,,1.7,5.3,5.6,53.7,50.8,0.9,7.6,22.5,34.6,52.6,56,8.2,8.8,6.7,84.5,38.2,2.2,45.6,70.3,3.4,10.4,24.7,3.7,15.4,16.5,14.6,10.2,8,7.8,5.1,5.1,3.5,2.8,2.7,2.2,1.9,1.5,1.1,0.6,0.9,4.6
Gabon,20,89,Gabon,GAB,2012 DHS,2012 ,25.3,48.7,44.1,25.4,18.7,,,,,,,,,,,5.8 (CI: 4.6 – 7.0),2.7 (CI: 2.0 – 3.4),2.2 (CI: 1.5 – 2.8),4.1 (CI: 3.3 – 4.8),58,,,56.1,39.3,19.2,33.1,32.4,93,92.6,26.8,35.9,21.8,17.3,15.6,18,3.4,37.8,24.4,37.8,2.4,,,43.2,1.9,83.4,91.9,37.4,15.1,12.4,12.3,9.7,8.7,8,7.4,5.9,4.9,3.7,3.8,2.1,2.1,1.2,1.1,0.6,0.9,4.1
Gabon,20,89,Gabon,GAB,2000 DHS,2000 ,23.5,64,29.5,21.3,8.2,,,,,,,,,,,,,,,,,,,,,,,82.7,82.6,,43,30.3,39.9,14,14.8,,46.6,,53.4,2.1,,,29.6,1.8,49.6,,47.5,14,13.4,13.4,10.8,9,7.3,6.6,5.4,4.5,2.9,3.2,2.2,2.5,1.8,1.4,0.6,0.8,5
Gambia,50,90,The Gambia,GMB,2013 DHS,2013 ,22.5,60.7,22.6,15.3,7.3,,,,,,,,,,,2.1 (CI: 1.5 – 2.7),1.8 (CI: 1.0 – 2.5),1.7 (CI: 0.9 – 2.4),1.9 (CI: 1.4 – 2.4),71.8,96.7,96.5,26.2,12.3,6.8,14,14.2,91,89.6,2.3,32.5,34.8,42.3,10.9,13.8,3.4,39.8,18.9,41.3,1.8,10.1,61.3,18.4,2.3,48.5,90.6,22.7,17.4,15.9,12.6,10.3,8.8,7.4,6,4.6,3.5,2.6,3.1,1.7,2.1,1.3,1,0.6,0.9,8.2
Ghana,52,94,Ghana,GHA,2016 MIS,2016 ,,,,,,,,,,,,,,,,,,,,,,,,,,,,86.3,83.8,4.6,5.8,22.9,49.6,9.2,10.8,,16.7,52.4,30.9,18.7,,,60.4,2.2,63.4,90.4,34.7,15.6,13.4,12.2,8.5,7.2,7.5,6.8,5.9,4.7,3.9,3.8,2.9,2.1,1.7,1.3,0.9,1.1,3.6
Ghana,52,94,Ghana,GHA,2014 DHS,2014 ,24.8,53.7,40.1,24.8,15.3,22,22.1,74.2,73.1,15.7,16.8,12.7,13.6,3,3.2,2.8 (CI: 2.2 – 3.5),1.1 (CI: 0.7 – 1.5),1.1 (CI: 0.7 – 1.5),2.0 (CI: 1.6 – 2.4),76.9,91.4,92.3,,,5,13.6,13.1,89.8,87.7,4.4,4.8,21.4,69.9,15.1,18.4,3.6,15,54.7,30.3,21,53.4,39.2,61.4,2.1,61.7,85.1,35.1,14.4,13.8,13.3,8.6,7.4,7.1,6.3,5.8,4.9,4,4,2.7,2.5,1.6,1.4,0.9,1.2,3.5
Guatemala,83,103,Guatemala,GTM,2014-15 DHS,2014-15 ,26,45.2,51.9,31.9,20,,,,,,,,,,,,,,,74,76.2,76.8,27.9,16.4,33,45.8,47.1,57.3,60.2,20.2,33.3,1.4,8.2,2.3,2.5,53.1,78.6,12.4,9,6.2,94,80.2,42.7,2.5,73,87.5,44.4,12.7,12.2,12.7,11.7,9.1,7.2,6.5,5.5,4.6,3.9,3.4,2.9,2.5,1.9,1.2,1,1.1,4.8
Guatemala,83,103,Guatemala,GTM,1998-99 DHS,1998-99 ,25,54.1,44,31.8,12.2,,,,,,,,,,,,,,,,,,,,,,,85.5,84.2,,54.7,4.9,13.4,4.5,4.8,,36,5.2,58.8,14.1,,,54.5,3.1,55.6,,30.6,16.1,14.6,13,10.5,8.8,6.6,5.8,5.2,4,3.8,3,2.1,2,1.6,1.2,0.7,0.7,5.3
Guinea,51,106,Guinea,GIN,2018 DHS,2018 ,23.3,63.9,26.7,18.2,8.4,,,,,,,,,,,1.6 (CI: 1.2 – 2.0),1.2 (CI: 0.7 – 1.7),1.3 (CI: 0.7 – 1.8),1.5 (CI: 1.1 – 1.8),40.3,88.9,88.9,,,2.4,6.6,7,78.8,79.5,7.8,5.2,3.6,31.4,35.1,35,17.5,27.2,24.9,48,13.1,71.5,28.1,19.4,2.2,31.3,89.2,16.5,16,17.6,13.9,9.9,6.3,6.2,5.1,4.8,3.6,3.4,3.8,2.5,2.6,1.6,1.2,0.6,0.7,6.2
Guinea,51,106,Guinea,GIN,2012 DHS,2012 ,22.4,68.6,19.2,14.4,4.8,,,,,,,,,,,2.1 (CI: 1.6 – 2.6),1.4 (CI: 1.0 – 1.8),1.2 (CI: 0.8 – 1.6),1.7 (CI: 1.4 – 2.1),33.2,93.4,93.2,,,3.6,9.6,9.9,74.9,75.8,8.6,5.5,3.1,43.6,32.8,33.4,18.4,21.1,23.3,55.6,17.3,34.5,20.2,21.4,2.3,25.8,65.3,10,16.1,16.8,15.1,9.1,6.8,6.4,4.7,4.6,3.9,3.2,3.8,2.5,2.5,1.7,1.3,0.7,0.9,6.3
Guyana,99,107,Guyana,GUY,2009 DHS,2009 ,25.6,41.5,48,26.3,21.7,23.6,,55.9,,32,,23.5,,8.5,,,,,,91,,,,,35,36.9,36.9,94.6,93.4,14.4,18.1,1.1,5.7,1.2,1.2,44.7,84,8.3,7.7,1,,,28.6,1.8,80.5,79.7,61.9,9.9,11.4,12.3,9.8,7.5,6.5,6.5,6.6,6.1,5.6,5.3,4.1,2.7,2.2,1.5,1,1,3.8
Guyana,99,107,Guyana,GUY,2005 AIS,2005 ,,,,,,,,,,,,,,,,,,,,,,,,,41.2,44,44,95.1,93.3,25.3,18.9,1.5,6.2,0.6,0.8,49.2,79.5,9.4,11,0.8,,,24.6,1.9,78.9,55.1,59.6,9.7,12.5,12.3,9.4,7.9,7.2,7.3,6.2,6.2,5.4,4.9,3.3,2.6,1.9,1.3,0.9,1,4.1
Haiti,74,108,Haiti,HTI,2016-17 DHS,2016-17 ,23.6,57.6,31.7,20.5,11.2,,,,,,,,,,,2.3 (CI: 1.9 – 2.7),1.7 (CI: 1.3 – 2.0),1.6 (CI: 1.2 – 2.0),2.0 (CI: 1.7 – 2.3),77.2,76.1,76.2,34,22.4,8,12.8,14.2,74,73.4,1.3,2.4,18.9,55.8,30.1,31.5,44,33.2,21.5,45.3,25.4,82.2,25,40.7,2.3,30.7,75.9,13.5,11.6,12.6,11.2,11.3,9.3,7.5,6.7,5.3,4.2,3.9,4,3.2,2.8,2.3,1.9,1,1.3,4.3
Haiti,74,108,Haiti,HTI,2012 DHS,2012 ,22.8,62.2,25.3,17.4,7.8,,,,,,,,,,,2.7 (CI: 2.2 – 3.1),1.8 (CI: 1.4 – 2.2),1.7 (CI: 1.3 – 2.1),2.2 (CI: 1.9 – 2.5),72.5,,,29.3,22.1,10.6,12.6,13.6,64.8,64.5,1.3,3.1,20.9,58.1,34.4,36.1,42.1,27.7,27,45.3,25.5,62.2,34.6,48.3,2.5,29.4,77.2,9.9,12.3,11.5,12.3,11.6,9.8,8.1,6.2,5.2,4.3,3.8,3.7,3.1,2.5,1.9,1.5,0.9,1.3,4.4
Honduras,82,111,Honduras,HND,2011-12 DHS,2011-12 ,26,43.9,51.3,29.2,22.1,,,,,,,,,,,,,,,82.5,87.6,87.8,35.8,22.5,17.9,32.4,33.9,89.8,88.7,16.7,34,0.7,9.6,1.9,2.1,28.6,67,8.6,24.4,10.4,89.6,88.5,42.6,2.4,72.2,85.7,57.6,11.6,11.5,13.1,11.7,9.5,7.6,6.7,5.6,4.7,3.9,3.7,2.8,2.4,1.7,1.3,1,1.1,4.4
Honduras,82,111,Honduras,HND,2005-06 DHS,2005-06 ,25.6,49.3,46.6,27.8,18.8,,,,,,,,,,,,,,,80.7,,,,,31.5,,,83.7,82.4,17.5,39.4,0.7,9.2,3.3,3.6,39.1,57.7,6.1,36.2,16.7,,,43.8,2.5,62.2,36.1,44,12.6,14.5,14,11.3,8.9,7.4,6,5,4.2,3.7,3.4,2.4,2.1,1.6,1.2,0.9,1,4.8
India,140,115,India,IND,2015-16 DHS,2015-16 ,21.9,56.4,20.7,15.5,5.1,21.8,21.9,60.9,60.7,18.9,19.6,15.9,16.4,3,3.2,0.2 (CI: 0.2 – 0.3),0.2 (CI: 0.2 – 0.3),0.3 (CI: 0.2 – 0.3),0.2 (CI: 0.2 – 0.3),74.5,,,31,24.6,5.2,13.8,14,89.9,90.2,16.1,13.1,14.6,27.2,6.4,6.6,,48.4,8.2,43.4,39.8,96.8,60.2,44.1,2.5,65.2,90.4,29.6,9.1,9.5,10.1,9.4,9,8.4,7.1,6.7,5.8,5.6,4.7,4.3,3.8,2.8,1.8,0.9,1.1,4.6
India,140,115,India,IND,2005-06 DHS,2005-06 ,20.5,51.8,12.6,9.8,2.8,20.2,20.3,56.5,56.6,9.3,9.7,8,8.4,1.3,1.3,0.2 (CI: 0.2 – 0.3),0.4 (CI: 0.3 – 0.4),0.4 (CI: 0.3 – 0.4),0.3 (CI: 0.2 – 0.3),62.2,,,39.7,25.8,9.6,23.3,23.5,88,87.6,12.6,10.9,15.3,36.5,11.9,12.1,17.4,29.4,10.2,60.4,56.2,,,54.8,2.9,44.2,16.8,15.3,10.9,12,12,9.5,8.6,8,6.7,6.8,5.3,4.5,3.7,3.4,3.1,2.2,1.6,0.7,0.9,4.8
Indonesia,134,116,Indonesia,IDN,2017 DHS,2017 ,,,,,,,,,,,,,,,,,,,,88.3,,,,,2.8,,,86.3,86.3,7.5,1.1,0.6,20.2,1.2,1.3,69.5,75.7,,24.3,9.4,94.4,93,20,1.6,88.7,89,56.9,9,9.5,9.3,8.3,7,6.8,7.3,7.8,7.3,7,5.9,4.9,3.6,2.5,1.6,1,1.1,3.9
Indonesia,134,116,Indonesia,IDN,2012 DHS,2012 ,,,,,,,,,,,,,,,,,,,,83.3,70.8,71.3,,,4.9,7.5,7.6,82.7,82.3,9.5,1.9,1.6,40.9,2.2,2.4,70,60.9,,39.1,3.2,79.7,92.3,22,1.7,83.2,82.9,39.8,9.8,10.2,9.9,8.3,7.1,7.7,7.9,7.7,7.1,6,5.4,4.1,3,2,1.7,0.9,1.2,4
Jordan,155,130,Jordan,JOR,2017-18 DHS,2017-18 ,26.3,42.8,54.1,32.2,21.9,,,,,,,,,,,,,,,92.1,96.4,96.7,25.9,20.4,13.5,12.7,11.9,98.3,98,56.9,1,,0.4,0.2,0.3,34.3,98,1.9,0.1,0,,,23.9,2.2,98.8,97.6,98.2,10.3,11.8,11,10.5,10.1,7.9,6.6,6.1,5.8,5.4,4.3,3.3,2.3,1.7,1.3,0.9,0.7,4.7
Jordan,155,130,Jordan,JOR,2012 DHS,2012 ,26.8,40.2,54.8,27.3,27.4,,,,,,,,,,,,,,,88.7,,,31.7,22,17.2,,,98.9,98.8,52.5,0.3,,,,,24.8,99.7,0.3,0.1,0,,,22.8,2.3,99.1,98.4,98.3,12.6,12,11.1,11.6,9.6,7.6,6.4,6.2,5.8,4.6,3.4,2.7,2.1,1.6,1.3,0.8,0.7,5.1
Kazakhstan,117,132,Kazakhstan,KAZ,1999 DHS,1999 ,24.1,60,32.6,19.9,12.7,,,,,,,,,,,,,,,,,,,,,,,66.4,59.5,38.5,11.6,9.3,22.1,7.3,8.9,,,,100,0.5,,,,,91.8,,79.2,7.9,10.9,11.6,8.6,7.1,7.2,7.2,7.7,6.8,5.1,4.6,3.5,4.6,2.5,2.6,1.1,0.9,3.6
Kazakhstan,117,132,Kazakhstan,KAZ,1995 DHS,1995 ,24.8,53.5,38.6,21.9,16.7,,,,,,,,,,,,,,,,,,,,,,,90.8,88.1,59.2,,21.9,21.2,5.5,5.8,,0.1,,99.9,0.6,,,9.2,1.3,89.6,,82.4,9.7,11.1,10.9,9.1,7.9,7.3,7.5,7.2,6.3,4.8,3.5,4.9,2.8,2.9,1.9,1,1.1,3.8
Kenya,6,133,Kenya,KEN,2015 MIS,2015 ,,,,,,,,,,,,,,,,,,,,,,,,,,,,75.1,70.8,7.9,11.7,10.9,29.3,22.3,26.8,,28.9,23.1,48,10.5,,,54.4,2.1,36.8,90.1,8,14.8,15.1,12.6,8.9,7.8,8.3,7.2,5.8,4.2,3,3.4,2.4,1.9,1.6,1,0.7,0.9,3.6
Kenya,6,133,Kenya,KEN,2014 DHS,2014 ,23.7,58.3,32.8,22.7,10.1,,,,,,,,,,,,,,,78.7,93.6,93.5,47.1,32.8,10.7,32.6,32.7,71.3,66.9,6.4,16.4,14,33,27.8,32.9,44.5,24.7,22.8,52.5,12.2,33.6,49.5,53.1,2.3,34.5,86,6.2,14.4,15.3,13.7,9,8.1,8.4,6.7,5.5,4.3,3.2,3.2,2.3,1.9,1.4,1,0.6,0.9,3.9
Kyrgyz Republic,116,138,Kyrgyz Republic,KGZ,2012 DHS,2012 ,24.1,57,35.7,23.7,12,,,,,,,,,,,,,,,90.2,76.9,76.9,28.1,19.8,23.2,16.2,16.2,88.2,85.9,25.5,29.7,23.7,27.7,3.4,4.2,45.2,94.9,3.5,1.6,0,98.2,86.8,25.2,2,98.5,96.5,79.5,13.5,10.1,9.8,9,8.4,7.4,5.9,5.4,5.4,5.3,6.6,4.5,3,1.4,1.7,1.2,1.4,4.2
Kyrgyz Republic,116,138,Kyrgyz Republic,KGZ,1997 DHS,1997 ,23.4,65.3,27.8,19.2,8.6,,,,,,,,,,,,,,,,,,,,,,,78.6,74.8,43.5,,26.5,34.1,11.3,13.8,,0.1,,99.9,0.1,,,9.7,1.5,84.5,,67.1,12.1,12.7,13.5,9.4,8.1,6.9,7.2,7.2,5.1,3.8,2.2,2.9,3,2.6,1.6,0.9,0.8,4.6
Lesotho,37,142,Lesotho,LSO,2014 DHS,2014 ,25.5,51.1,44.6,25,19.6,21.4,21.6,74.1,73.1,11.7,13.2,8.6,9.8,3.1,3.4,29.7 (CI: 27.5 – 31.8),19.6 (CI: 17.5 – 21.6),18.6 (CI: 16.4 – 20.8),24.6 (CI: 23.0 – 26.3),89.3,89.7,89.6,,,7.3,7.2,7.5,83.6,82.2,2.4,19.5,41.3,45.6,26.4,28.9,11.8,50.9,19.2,29.9,28.6,5.3,46.2,45.9,1.9,27.7,83.7,22,12.2,13.6,13.6,10.1,8.6,7.1,6,4.6,3.6,2.9,3.7,2.9,3.1,2.3,2,1.5,1.9,3.3
Lesotho,37,142,Lesotho,LSO,2009 DHS,2009 ,25.2,52.1,42,24.7,17.3,21,21.2,71.5,70.5,9.5,11.1,7.4,8.5,2.1,2.6,26.7 (CI: 24.8 – 28.6),18.4 (CI: 16.7 – 20.2),18.0 (CI: 16.1 – 19.9),23.0 (CI: 21.4 – 24.5),82.5,,,,,8.5,11,11.3,78.9,76.8,2.5,13.6,44.9,51.8,24.8,27.1,8.4,25.1,10.5,64.4,35.6,,,41.3,2.2,19,64.9,14.7,12.6,13.1,14.6,11.1,9,7.2,5.6,4.3,3.4,3.4,3.4,2.9,2.4,1.8,1.8,1.7,1.6,3.6
Liberia,48,144,Liberia,LBR,2016 MIS,2016 ,,,,,,,,,,,,,,,,,,,,,,,,,,,,84.5,84.9,0.7,1,4.3,69.1,8.6,9.1,,19.7,28.2,52.1,35.2,,,44.6,2.6,22,62.6,7.7,15.7,15.7,14.2,9.7,8.4,6.8,6.1,5.6,4,3.4,3.2,2.1,1.7,1.1,0.9,0.7,0.7,5.2
Liberia,48,144,Liberia,LBR,2013 DHS,2013 ,23.3,66.2,26.4,17.9,8.6,,,,,,,,,,,2.4 (CI: 1.7 – 3.1),1.8 (CI: 1.0 – 2.6),1.8 (CI: 1.0 – 2.6),2.1 (CI: 1.5 – 2.8),77.2,86.5,86.5,,,5.7,13.1,13.1,72.6,73,0.6,0.5,1.7,71,18,19,14.1,16.9,25.2,57.9,45,2.1,46.5,40,2.3,14.1,64.6,4.1,16.1,16.6,13.1,9.8,7.6,7.3,5.7,5.4,4.2,3.4,3.3,2.2,1.7,1.3,0.9,0.6,0.7,5
Madagascar,7,150,Madagascar,MDG,2016 MIS,2016 ,,,,,,,,,,,,,,,,,,,,,,,,,,,,43.8,42.7,1.7,3.1,16.4,52.9,17.3,17.8,24,5.5,9.1,85.5,39.3,,,70.1,3,17.1,34,3.5,16.2,14.7,13.7,10.2,8,6.5,6.3,5.5,4.2,3.3,3.8,2.3,2.1,1.1,0.8,0.4,0.6,4.2
Madagascar,7,150,Madagascar,MDG,2013 MIS,2013 ,,,,,,,,,,,,,,,,,,,,,,,,,,,,36.4,35,0.9,1.7,13.3,,,,,5,7.6,87.4,57.6,,,69,3.2,12.2,25.2,2.5,16.2,15.6,15,10.1,7.4,6.1,6.1,4.8,4.5,3.2,3.6,2.2,2.1,1.1,0.9,0.5,0.6,4.6
Malawi,2,152,Malawi,MWI,2017 MIS,2017 ,,,,,,,,,,,,,,,,,,,,,,,,,,,,86.2,86.7,3.8,5.6,13,56.1,26.6,27.1,,11,6.8,82.2,6,,,36.1,2.3,10.8,50.6,5.1,16.6,15.8,14.9,10.2,8.4,6.9,6.1,5.1,3.6,2.6,2.4,2.2,1.5,1.3,0.9,0.8,0.8,4.5
Malawi,2,152,Malawi,MWI,2015-16 DHS,2015-16 ,22.8,72.1,20.7,15.1,5.6,,,,,,,,,,,10.8 (CI: 9.6 – 11.9),7.1 (CI: 6.2 – 8.0),6.4 (CI: 5.6 – 7.3),8.8 (CI: 7.9 – 9.6),67.6,88.2,88,42.2,32.7,2.2,5.6,5.6,87.2,87,2.4,5.7,9.7,40.7,42.9,43.5,26.2,55.1,28.6,16.4,5.3,83.4,10.5,36.1,2.3,11.7,53.7,6,15.1,16.8,16,10.1,8.5,6.4,5.7,5,3.5,2.5,2.6,2,1.7,1.5,0.9,0.8,0.9,4.5
Maldives,137,154,Maldives,MDV,2016-17 DHS,2016-17 ,25.4,40,49.3,29.9,19.3,23.5,,51,,35,,27.1,,7.9,,,,,,88.5,76.6,76.6,17.8,10.5,17.9,12.2,12.2,98.2,98.6,15.8,2.3,0.1,2.7,0.2,0.2,20.6,98.3,0.6,1.1,0.1,96.9,97.8,17.3,2,93.8,98.7,97.8,10.6,11,8.7,8,9,9.9,9,6.8,5.5,4.5,5.1,4.1,2.2,2.1,1.5,0.9,1.1,5.4
Maldives,137,154,Maldives,MDV,2009 DHS,2009 ,24.8,47.1,45.5,32.4,13.1,,,,,,,,,,,,,,,76,,,,,27.5,38.1,37.5,97.8,98,17.7,1,0.3,4.9,1,1.1,16,94.6,1.9,3.5,1,,,16.9,2.3,95.7,97.3,84.9,10.6,9.4,11.6,12.9,10.8,8.9,7.1,6.5,5.2,4.3,3.7,2.2,1.5,2.5,1.3,0.7,0.6,6.4
Mali,47,155,Mali,MLI,2018 DHS,2018 ,23.3,61.9,27.8,19,8.7,,,,,,,,,,,,,,,19.7,93.5,93.2,48.9,34,2,5.3,5.3,68.7,69.1,6.7,7.2,17.5,57.6,10.1,10.2,14.2,32.8,22.9,44.3,8.7,71.2,19.2,17.1,2.1,42.6,88.8,10.3,18.6,17.8,15.1,8.1,6.1,6.1,5.4,4.9,3.7,2.6,3.5,2.3,2.2,1.3,1,0.5,0.5,5.8
Mali,47,155,Mali,MLI,2015 MIS,2015 ,,,,,,,,,,,,,,,,,,,,,,,,,,,,70,70.2,2.5,7.6,23.8,61.6,9.2,8.9,,35.6,11.6,52.8,6.9,,,12,2.4,39.8,90.1,9.5,20.7,17.2,13.5,8.4,6.5,5.8,5.3,4.9,3.5,3,3.1,2.3,2,1.5,1,0.6,0.7,9
Mauritania,46,159,Mauritania,MRT,2000-01 DHS,2000-01 ,24.3,48.6,38.4,21.7,16.7,,,,,,,,,,,,,,,,,,,,,,,63.1,62.3,17.4,,27,35.3,27.7,27.8,,0.9,2.9,96.2,49.3,,,62.3,3.7,19.9,,9.5,14.1,16,15.5,10.2,7.6,6.6,5.8,4.6,4.4,2.7,3.3,2,2.8,1.5,1.6,0.5,0.8,5.8
Moldova,164,165,Moldova,MDA,2005 DHS,2005 ,25.1,52.6,41.5,23.3,18.2,,,,,,,,,,,,,,,97,,,5.4,22,46,35,36,92.1,91.6,28.8,6.4,0.8,,,,,78.1,5.3,16.6,,,,,,69.4,,75.5,5.7,6,8.5,9.2,7.4,6.4,5.8,5.6,6.4,7.4,8,6.3,4.5,4.6,3.6,2.8,1.9,2.8
Morocco,29,169,Morocco,MAR,2003-04 DHS,2003-04 ,24.2,56.1,36.6,25.7,11,,,,,,,,,,,,,,,52.4,,,,,11.6,,,82.5,79.6,54.8,2,10.8,,,,,,,100,17.2,,,,,66.6,,55.8,9.8,10.7,11.5,10.9,9.6,8.1,7.2,6.3,6.1,5.1,4.1,2.7,2.6,1.8,1.7,0.8,1.1,5.4
Morocco,29,169,Morocco,MAR,1992 DHS,1992 ,24.1,63.2,32.9,22.3,10.7,,,,,,,,,,,,,,,,,,,,,,,76.1,74.5,39.5,,12.2,22.4,21.7,22.9,,3.1,,96.9,39.2,,,23.5,2.5,58.5,,30.3,12.9,13.6,13.3,11.1,8.5,7.3,6.8,5.7,4,3.3,3.3,3,2.8,1.7,1.5,0.6,0.9,6
Mozambique,0,170,Mozambique,MOZ,2018 MIS,2018 ,,,,,,,,,,,,,,,,,,,,,,,,,,,,63.8,64.9,2.2,16,16.3,39.3,22.1,22.8,,33.8,4.3,62,28.4,,,34.1,2.2,25.5,62.8,17.1,18.1,16.7,14.4,9.8,8.3,6.2,5.1,4.3,3.9,3.1,3.2,2.3,1.7,1.3,0.7,0.6,0.5,4.5
Mozambique,0,170,Mozambique,MOZ,2015 AIS,2015 ,,,,,,,,,,,,,,,,15.4 (CI: 13.7 – 17.2),10.2 (CI: 8.9 – 11.5),10.1 (CI: 8.7 – 11.4),13.2 (CI: 11.7 – 14.6),78.5,93,93.3,23.5,19.5,2.6,7.1,7,62.8,64.6,3.8,13.8,14.8,40.2,31.5,30.9,10.7,29.9,4.4,65.7,26.5,,,35.1,2.2,24.8,56.7,15.2,18.1,16.9,16,8.6,7.5,5.9,5.1,4.6,3.8,3.1,2.5,2,2.8,1.3,0.8,0.6,0.4,4.5
Myanmar,126,171,Myanmar,MMR,2015-16 DHS,2015-16 ,22.5,59.8,24.7,19.2,5.5,,,,,,,,,,,,,,,83.4,71.5,71.5,20.9,15,6.1,8.9,8.9,80.2,80.4,2.4,4.4,3,56.1,6.2,6.3,32.7,49.1,9,41.9,10.7,93.9,83.6,49.5,2.5,57.1,73,16,9,9.9,10.4,7.2,7.1,7.2,7.3,7.1,6.3,6.1,6.2,4.9,3.8,2.8,1.8,1.3,1.4,4.2
Namibia,35,172,Namibia,NAM,2013 DHS,2013 ,23.7,54.5,31.6,18.3,13.2,21,21.3,65.2,63.5,11.5,14.2,8.1,9.7,3.4,4.5,16.9 (CI: 15.3 – 18.5),11.4 (CI: 9.8 – 13.1),10.9 (CI: 9.2 – 12.6),14.0 (CI: 12.8 – 15.3),87.7,89,88.6,33.3,27.9,21.3,2.5,2.2,86.9,84,35.5,13.9,24.4,30.7,14.8,17.6,8.7,33.8,11.2,55.1,50,86.6,53.9,30.8,1.6,43.6,88.5,41.8,13.8,12.7,11.9,10.3,9.5,7.9,6.7,5.9,4.8,3.8,3.3,2.2,2,1.6,1.3,0.8,1.5,4.2
Namibia,35,172,Namibia,NAM,2006-07 DHS,2006-07 ,23.2,56,28,16.4,11.7,,,,,,,,,,,,,,,84,,,,,29.8,35.8,35.8,88.5,86.7,31.9,14.9,25.8,28.5,15.5,18.5,9.5,33,8.8,58.2,53.4,,,28.9,1.7,37,52.4,39.9,13.2,12.6,13.1,11,9.4,8.2,7.1,5.2,4.5,3.3,3.1,2.3,1.8,1.5,1.1,1,1.4,4.5
Nepal,138,175,Nepal,NPL,2016 DHS,2016 ,22.2,60.6,22.2,17.1,5.1,21.8,,66.2,,17.1,,14.6,,2.5,,,,,,57.7,85,85,26.3,13.5,3.2,9.4,9.4,94.6,94.9,6.2,22.6,19.2,26,5.1,5,23.1,64.6,17.8,17.6,16,99.7,47.1,31.6,1.9,51.6,92.8,15.5,10.6,11.1,12.3,10.2,8.2,7,6.5,5.9,5.2,4.5,4.7,3.8,3.2,2.5,2.2,0.9,1.1,4.2
Nepal,138,175,Nepal,NPL,2011 DHS,2011 ,21.4,68.3,13.5,11.2,2.2,,,,,,,,,,,,,,,65.4,87.1,87.1,31.5,17,7.4,20.1,20.1,91.6,91.4,4.9,15.7,23.6,35.3,7.1,7.1,16.5,39.5,14.9,45.6,38.4,99.7,47.8,33.3,2.1,46.9,74.7,10.6,11.2,12.4,13.6,10.5,8.2,7.1,6.1,5.9,4.8,4,4.4,3.4,2.9,2.1,1.5,1,0.9,4.4
Nicaragua,80,180,Nicaragua,NIC,2001 DHS,2001 ,25.7,48.3,48.2,30.2,18,,,,,,,,,,,,,,,87.9,,,,,34.7,,,83.4,81.6,28.8,31.6,3.4,18.4,4.5,4.9,,31.8,1.9,66.3,15.4,,,,,59.4,,25.7,12.3,14.3,13.8,12.3,9.2,6.8,5.8,5.4,4.6,3.7,3.2,2.3,1.9,1.4,1.1,0.8,1.1,5.3
Nicaragua,80,180,Nicaragua,NIC,1998 DHS,1998 ,24.9,53.2,42.5,28.9,13.6,,,,,,,,,,,,,,,,,,,,,,,79.9,78.7,46.7,14.8,3.4,,,,,27.8,,72.2,14.5,,,51.5,3.2,55.5,,23.3,13.9,14.8,14.1,11.7,8.5,7,6.1,5.3,4.1,3.2,2.9,2.2,2,1.3,1,0.8,0.9,5.5
Niger,45,181,Niger,NER,2012 DHS,2012 ,21.9,66.7,17.8,13.9,3.9,,,,,,,,,,,0.4 (CI: 0.2 – 0.5),0.4 (CI: 0.2 – 0.6),0.4 (CI: 0.2 – 0.6),0.4 (CI: 0.2 – 0.5),21.4,96,95.8,,,1.4,3.4,3.6,67,66.5,2.9,4.9,24.3,39.7,47.8,49.3,0.7,10.8,8.9,80.2,71.9,,,35.6,3,11.5,50,3.3,21.7,20.6,15,6.3,5,5.6,4.9,4.1,3.3,2.7,3.4,1.9,2.1,1.1,1.2,0.4,0.6,5.9
Niger,45,181,Niger,NER,2006 DHS,2006 ,21.4,67.9,12.9,9.8,3.2,,,,,,,,,,,0.7 (CI: 0.4 – 1.0),0.7 (CI: 0.4 – 1.0),0.8 (CI: 0.4 – 1.1),0.7 (CI: 0.5 – 1.0),24.1,,,,,1.8,4.5,4.8,41.5,41.5,5.3,1.9,15.5,48.6,37.1,37.9,0.4,4.6,3.2,92.2,79.5,,,33.7,2.8,6.2,6.5,2.8,20.3,19.4,14.5,7.1,5.9,6,4.8,4.3,3.6,2.9,3.1,2.3,2.2,1.4,1.2,0.5,0.6,6.1
Nigeria,44,182,Nigeria,NGA,2018 DHS,2018 ,23.3,59.7,28.2,18.2,9.9,,,,,,,,,,,,,,,44.2,82.1,82,36.2,29.5,3.3,11.6,11.4,63,62,1.9,1.6,7.5,53.7,12.9,12.8,4.6,34.2,19.2,46.6,22.9,80.9,38,36.6,2.1,49.1,87.9,22,17,16.7,12.3,9,6.6,7,6.3,5.8,4.4,3.6,3.1,2.2,2,1.4,1.1,0.6,0.8,4.7
Nigeria,44,182,Nigeria,NGA,2015 MIS,2015 ,,,,,,,,,,,,,,,,,,,,,,,,,,,,72.6,70.5,3.4,1.5,5.8,47.8,11.8,12.4,,33.2,15.8,51,27.4,,,35.7,2.1,46.9,78.5,23,18.5,16.7,11.9,8,7.1,7.3,6.4,5.1,4.4,2.9,3.5,2.1,2,1.3,1.1,0.6,0.8,4.9
Pakistan,139,188,Pakistan,PAK,2017-18 DHS,2017-18 ,25.7,39.3,52.2,30.4,21.8,,,,,,,,,,,,,,,50.5,88.6,88.6,33.5,24.8,0.5,2.6,2.6,94.6,94.1,20.3,1.1,6.4,17.1,9.6,9.9,7.1,70.5,9.9,19.6,12.1,92.7,68.6,37.7,3.3,62.8,93.9,55.4,13.1,13.5,11.8,10.9,9.4,8.2,6.4,5.9,4,3.7,3.4,3.1,2.4,1.7,1.4,0.6,0.7,6.6
Pakistan,139,188,Pakistan,PAK,2012-13 DHS,2012-13 ,24.3,45.9,40.2,25.2,15,,,,,,,,,,,,,,,51.9,75.1,75.1,,,0.3,0.9,0.9,93.4,93,27.6,1.2,6.7,14.6,8.4,8.8,8,59.5,9.6,30.9,21.4,84.6,63.8,39.3,3.5,60.2,87,43.8,13.5,13.4,12.2,11.3,9.7,8,6.2,5.4,4.4,4,2.7,2.7,2.4,1.6,1.3,0.5,0.8,6.8
Papua New Guinea,222,192,Papua New Guinea,PNG,2016-18 DHS,2016-18 ,,,,,,,,,,,,,,,,,,,,83.7,81.7,81.7,62.9,54.3,6.1,11.8,11.8,43.2,44.6,7.9,3.8,4,41.7,21.4,20.6,10.2,24,6,70,16.9,55.2,47,22.3,2.1,12.6,56.3,10,13.8,14.7,13.2,9.6,8,7.2,6.2,5.7,4.4,3.8,5.4,3,2.1,1.4,0.7,0.4,0.4,5
Paraguay,101,194,Paraguay,PRY,1990 DHS,1990 ,,,,,,,,,,,,,,,,,,,,,,,,,,,,,,,,,,,,,,,,,,,,,,,,14.7,14.7,12.1,9.2,8.1,7.4,6.6,5.4,4.4,3.7,3.5,2.6,2.6,1.7,1.4,1,0.9,5
Peru,105,195,Peru,PER,2012 DHS,2012 ,26.1,43.7,54.5,36.5,17.9,,,,,,,,,,,,,,,84,,,42.2,18.1,21.5,,,87.7,88,74.1,4,2.6,17.7,3.8,3.9,78.3,7.9,0.5,91.6,9.8,,,41.1,1.9,80.3,81.9,44.2,9.6,10.2,10,9.9,7.9,7.1,6.9,6.7,6,5.3,4.9,4,3.1,2.8,2.1,1.5,1.9,3.7
Peru,105,195,Peru,PER,2011 DHS,2011 ,25.9,45.9,52.3,35.3,17,,,,,,,,,,,,,,,82.3,,,43.7,18.9,23.4,,,86,86,72.2,4.5,2,20.4,3,3.1,78.2,5.9,0.4,93.7,10.4,,,40.9,1.9,79.7,78.1,43.6,9.5,10.1,10.4,9.5,8.1,7.3,6.9,6.9,5.8,5.1,4.9,3.9,3.4,2.7,2,1.6,1.8,3.7
Philippines,133,196,Philippines,PHL,2017 DHS,2017 ,,,,,,,,,,,,,,,,,,,,95.8,,,24.4,14.7,8.8,,,95,94.7,19.3,3.4,3.4,16.3,3.4,3.7,15.2,77.5,15,7.5,4.5,92.6,89,42.5,2.3,76.9,88.8,42.7,9.7,11.6,11.4,9.9,8.3,7.2,6.4,6.3,5.5,5.2,4.9,4.1,3.2,2.5,1.6,1.1,1.1,4.2
Philippines,133,196,Philippines,PHL,2013 DHS,2013 ,,,,,,,,,,,,,,,,,,,,96.4,,,25.9,15.6,19.6,,,94.7,94.3,20.2,6.5,6.7,55,5.5,5.7,33,70.1,19.5,10.4,6.3,,,37.4,2.4,75,83.9,40,11,11.7,11.7,10.2,8.6,6.7,6.7,5.9,5.8,5.2,4.9,3.7,3,1.8,1.3,0.9,0.9,4.7
Rwanda,3,205,Rwanda,RWA,2017 MIS,2017 ,,,,,,,,,,,,,,,,,,,,,,,,,,,,78.5,78.5,0.4,8.8,28.6,42.7,42.9,43.6,,70.1,13.3,16.6,1.5,,,23.9,1.7,10.7,62.6,1.7,15.1,14.1,14.5,9.6,7.3,6.9,6.5,6.1,4.5,3.6,3,3.1,2.2,1.2,0.9,0.6,0.8,4
Rwanda,3,205,Rwanda,RWA,2014-15 DHS,2014-15 ,22.8,72.6,20.8,17.1,3.7,,,,,,,,,,,3.6 (CI: 3.1 – 4.1),2.5 (CI: 2.0 – 2.9),2.2 (CI: 1.8 – 2.6),3.0 (CI: 2.6 – 3.4),83.4,96.5,96.7,40.4,26.8,2.4,9.3,9.9,72.9,72.3,0.7,8.8,26.5,40.7,48.7,49.3,44.1,58.3,13.8,27.9,3,11.5,37.4,27.4,2,9.6,59.8,1.6,14.8,15.1,13.3,10,8.3,7.8,7.5,5.1,4.1,3.2,2.9,2.5,1.8,1.1,1,0.6,0.8,4.3
Sao Tome and Principe,23,214,São Tomé and Príncipe,STP,2008-09 DHS,2008-09 ,24.4,58.7,33.7,21.5,12.2,23,23.1,71.3,70,21.8,23.3,18.3,19,3.6,4.3,1.3 (CI: 0.7 – 1.9),1.8 (CI: 1.1 – 2.5),1.7 (CI: 1.0 – 2.5),1.5 (CI: 1.0 – 2.0),70.1,,,33.6,32,26.9,42.6,41.9,94.2,94.2,4,27.5,56.6,46.3,24.5,24.7,8.7,34.6,6.7,58.7,57.7,,,43.8,2.1,49.4,48.7,30.1,15.6,14.6,13.7,10.5,7.8,6.8,6.2,4.5,4.4,3.4,3.1,2,2.1,1.7,1.6,1.2,0.9,3.8
Senegal,43,217,Senegal,SEN,2017 DHS,2017 ,,,,,,,,,,,,,,,,0.5 (CI: 0.3 – 0.7),0.5 (CI: 0.3 – 0.7),0.4 (CI: 0.2 – 0.6),0.5 (CI: 0.3 – 0.6),26.3,96.5,96,24.1,15.1,6.1,5.9,5.2,81,78.5,26.9,30.6,10.6,23,6.6,7.1,11.7,55.1,15.7,29.1,12.4,48.5,56.2,18,2.4,56.7,96,28.3,15.6,15.4,13.2,10.1,8.1,6.9,6.1,4.9,4,3,3.4,2.6,2.2,1.6,1.2,0.7,0.8,8.7
Senegal,43,217,Senegal,SEN,2016 DHS,2016 ,,,,,,,,,,,,,,,,,,,,15.9,96.7,96.2,,,10.1,4.1,4.2,81.8,80,19.2,35.3,12.4,12.7,7,7.6,11.9,51.3,14.7,34,13.7,15.2,67.4,21.5,2.4,58.1,94.1,25.9,16.2,15.5,12.9,10.1,8.1,6.9,6.1,4.9,3.9,2.8,3.6,2.5,2.3,1.5,1.3,0.7,0.8,8.3
Sierra Leone,42,221,Sierra Leone,SLE,2016 MIS,2016 ,,,,,,,,,,,,,,,,,,,,,,,,,,,,70.1,69.5,1.6,3.5,15.9,54.9,20.1,20.3,,16.8,33.3,49.9,17.9,,,25.1,2.3,18.6,67.1,11.9,18.4,15.3,12.5,8.8,7.2,7.2,5.6,6.4,3.7,3.2,3.8,2.2,1.8,1.4,1,0.7,0.8,5.9
Sierra Leone,42,221,Sierra Leone,SLE,2013 DHS,2013 ,22.5,72.6,18.3,13.4,5,21.4,21.4,80.9,80.5,7.7,8.2,6.3,6.7,1.4,1.5,1.7 (CI: 1.3 – 2.0),1.2 (CI: 0.8 – 1.7),1.3 (CI: 0.8 – 1.7),1.5 (CI: 1.2 – 1.8),53.8,86.2,86.7,50.5,34,3.5,8.3,8.5,60.6,59.5,1,2.5,15.8,62.4,26.4,27.2,11.9,10.6,38.2,51.3,20.2,21.7,32.8,26.5,2.3,13.6,54.9,6.4,16.6,16.6,12.6,9.8,6.8,6.9,5.5,5.9,3.8,3.7,3,2.2,2.3,1.6,1.2,0.7,0.7,5.9
South Africa,38,227,South Africa,ZAF,2016 DHS,2016 ,28.3,34.7,62.2,26.3,35.9,23,23.2,65.2,62.7,25.1,27.4,17.2,18.3,7.9,9.1,27.3 (CI: 24.7 – 29.9),13.3 (CI: 11.0 – 15.6),14.4 (CI: 11.5 – 17.3),21.2 (CI: 19.2 – 23.3),93.9,90.8,92.1,21.6,15.7,29.6,27.2,27.2,92.2,90.4,45.5,24,13.6,13.9,7.7,9.5,7.3,81,14.6,4.4,2.2,85.4,50.1,35.2,1.5,76.8,95.7,74.7,10.7,10.4,9.3,9,8.6,8.4,7.9,6.4,5.9,4.9,4.1,3.7,3.2,2.3,1.7,1.1,1.5,3.4
South Africa,38,227,South Africa,ZAF,1998 DHS,1998 ,,,,,,,,,,,,,,,,,,,,,,,,,,,,85.3,82.6,36,23.1,19.3,23.7,11.5,13.8,,,,100,12.8,,,29.4,1.9,57.6,,50.4,10.8,13,14.2,10,8.3,6.9,6.1,6,4.9,3.8,4.2,3.2,2.9,2.3,1.5,1,0.9,4.2
Tajikistan,115,239,Tajikistan,TJK,2017 DHS,2017 ,24.3,55.6,37.1,23.7,13.4,,,,,,,,,,,,,,,45.7,,,30.8,24.1,8.1,,,79.7,77.9,21.6,26.6,14,18.3,6.1,6.6,92.5,97,2.2,0.8,,95,76.4,15.3,2.4,98,96.3,69.4,15.3,12.9,9.8,9.3,8,8,6.6,5.1,4.5,4.4,4.7,4.4,2.8,1.7,0.8,0.8,0.8,6
Tajikistan,115,239,Tajikistan,TJK,2012 DHS,2012 ,23.4,59.7,29.7,20.2,9.5,,,,,,,,,,,,,,,54.2,,,24.4,19.5,16.6,,,78.1,76.2,14,21.8,25.2,35.6,10.5,11.7,84.7,94.2,2.4,3.5,0.2,92.5,78.5,15.2,2.5,96.4,93.3,48,14.5,11.9,11.8,10.9,9.2,7.8,5.8,5,4.9,4.5,4.6,3.1,2.1,1.2,1.1,0.8,0.8,6.3
Tanzania,11,257,Tanzania,TZA,2017 MIS,2017 ,,,,,,,,,,,,,,,,,,,,,,,,,,,,63.3,60.4,6.9,7.1,17.1,23.5,35.7,39.4,,23.8,13.4,62.8,7,,,32.8,2.2,23,81.5,7.9,17.3,15.3,13.7,9.3,7.8,6.8,5.7,5.2,4.3,3.4,2.8,2.1,2,1.3,1,0.7,1.1,4.7
Tanzania,11,257,Tanzania,TZA,2015-16 DHS,2015-16 ,23.4,62.1,28.4,18.4,10,,,,,,,,,,,,,,,72.1,96.8,96.8,49.5,37.6,7.5,16.4,16.4,61.4,59.7,10.4,,15.6,31,40.4,43.6,35.6,20.1,11.5,68.3,10.5,80.7,59.2,32.7,2.3,20.2,78,8.7,16.9,15.8,13.5,10.1,7.7,6.5,5.4,5.3,4.3,3.2,2.9,2.2,1.9,1.3,1.1,0.8,1.1,4.9
Timor-Leste,136,242,Timor-Leste,TLS,2016 DHS,2016 ,20.6,63.6,9.8,8.3,1.5,20.4,20.5,68.4,69.3,5.9,6,5.2,5.3,0.8,0.7,,,,,92.9,66.8,64.4,40.1,36.8,3.4,10.2,10.6,78.6,79.8,24.4,9.5,22.4,17.5,14.2,13.3,78.1,53.8,8.4,37.8,23.9,89.9,28,13.4,1.8,40.2,84.3,19.6,12.7,13.4,15,10.5,7.3,6.3,6,3.8,4.9,4,4,2.6,3.1,2.7,1.7,0.9,0.7,5.3
Timor-Leste,136,242,Timor-Leste,TLS,2009-10 DHS,2009-10 ,20.2,67.6,5.1,4.3,0.8,,,,,,,,,,,,,,,86.6,,,36.1,32.1,11.8,11.9,11.9,63.3,64.1,4.2,14.2,27.3,23.3,28.1,27.9,82,42.9,8.7,48.4,35.8,,,15.2,2.2,22.5,40.1,8.9,15.1,15.9,13.8,10.3,7.2,5.8,4.6,5.3,4.5,3.8,3.7,2.3,3.8,2,1,0.4,0.5,5.8
Togo,41,243,Togo,TGO,2017 MIS,2017 ,,,,,,,,,,,,,,,,,,,,,,,,,,,,71,68.5,1.6,4,15,54.8,17.1,19.3,,16.7,26.4,56.8,48.7,,,46.7,2.3,36.5,84.4,7.7,15.8,16.1,13.3,8.3,6.6,7.3,6.3,5.9,4.6,3.6,3.7,2.2,2.1,1.3,1.1,0.6,1.2,4.4
Togo,41,243,Togo,TGO,2013-14 DHS,2013-14 ,23.8,62.6,30.5,19.4,11.1,,,,,,,,,,,3.1 (CI: 2.5 – 3.7),1.9 (CI: 1.4 – 2.3),1.7 (CI: 1.2 – 2.2),2.5 (CI: 2.0 – 2.9),42.1,97.5,97.5,35.7,27.2,4.2,12.6,12.3,64.1,61.7,2.2,3,19.6,59.4,24.1,27.8,7.1,13.5,23.7,62.7,54.5,16.3,61.6,46.6,2.3,36.6,73.6,6.7,15.4,16.5,14,8.5,7.4,7,6,5.4,4.2,3.5,3.4,2.3,2.2,1.5,1.2,0.6,1,4.5
Turkey,152,249,Turkey,TUR,2013 DHS,2013 ,26.6,42,54.3,28.3,26,,,,,,,,,,,,,,,,,,,,,,,99,98.9,53.6,0.4,2.1,4.1,2.5,2.5,,95.5,0.7,3.7,0.3,,,35,1.9,97.9,95.6,98.6,8.5,8.6,9.1,8.1,7.2,7.7,8.2,7.5,6.5,5.7,6.2,4.9,3.8,2.7,2.1,1.4,1.8,3.6
Turkey,152,249,Turkey,TUR,2008 DHS,2008 ,,,,,,,,,,,,,,,,,,,,,,,,,,,,,,,,,,,,,97.2,1.4,1.5,0.4,,,32.3,2,95.9,91.8,97.6,8.6,9.4,9.4,9.1,8.2,8.7,7.8,7.1,6.4,5.9,5.6,4.2,2.8,2.3,1.8,1.5,1.2,3.9
Turkmenistan,113,250,Turkmenistan,TKM,2000 DHS,2000 ,23.5,61.4,28.7,18.4,10.3,,,,,,,,,,,,,,,80.7,,,,,15.3,,,67.2,63.7,19.1,32.2,6.8,13.4,2.6,2.8,,94,4.5,1.5,0.6,,,,,93.2,,86.1,11.1,12.4,12.8,10.3,9.4,8.3,6.9,6,5.3,4.3,3.5,1.9,2.8,1.9,1.6,0.8,0.6,5.1
Uganda,12,253,Uganda,UGA,2016 DHS,2016 ,23,67.5,23.8,16.5,7.2,21.3,21.2,77.6,77,8.6,8.9,7.4,7.7,1.2,1.2,,,,,73.6,87.2,87.1,55.8,39.6,5,9.8,9.8,78.3,77.9,2,5.3,6.7,34,46.8,51,51.8,20.8,14.8,64.5,6.1,59.2,43.5,44,2.3,16.9,74.3,5.6,18,17.4,14.4,9.9,8.1,6.7,5.5,4.5,3.5,2.8,2.6,1.6,1.5,1.1,0.9,0.5,0.8,4.5
Uganda,12,253,Uganda,UGA,2014-15 MIS,2014-15 ,,,,,,,,,,,,,,,,,,,,,,,,,,,,77,76,1.9,4,12.8,43.7,47,49.9,,18.3,13.7,68.1,5.5,,,43,2.5,13.9,67.9,5.7,19.4,16.6,14.6,10.1,8.2,6.8,5.4,4.4,3.5,2.5,2.6,1.4,1.3,0.9,0.9,0.5,0.7,4.9
Ukraine,168,254,Ukraine,UKR,2007 DHS,2007 ,,,,,,,,,,,,,,,,,,,,97.3,,,24.4,20.9,54.2,54.3,54.3,98.2,98.2,55.1,9.8,6.6,,,,,95.7,2.5,1.8,0,,,31.4,1.3,97.2,68.2,95,3.9,4.3,5.5,5.6,6.6,6.6,6.6,6.6,6.1,7,9,8,4.9,6.7,5.2,4,3.5,2.5
Uzbekistan,114,261,Uzbekistan,UZB,1996 DHS,1996 ,22.7,68,21.7,16.2,5.4,,,,,,,,,,,,,,,,,,,,,,,86.2,84.9,55.8,,19.4,20.7,6.1,6.7,,0.1,,99.9,0,,,20.4,2.2,90.7,,68.1,12.6,13.2,12.4,10.8,8.8,8,6.9,6,4.6,3.6,2.5,3,2.7,2.1,1.4,0.7,0.8,5.2
Vietnam,128,264,Vietnam,VNM,2005 AIS,2005 ,,,,,,,,,,,,,,,,0.2 (CI: 0.0 – 0.5),0.9 (CI: 0.2 – 1.6),0.9 (CI: 0.2 – 1.6),0.5 (CI: 0.1 – 1.0),,,,,,14.6,22.1,22.1,63.4,62.4,,19.8,1.4,,,,,8.2,0.4,91.4,17.9,,,31.7,2.2,83.9,,21,7.8,8.4,12,10.9,7.9,7.1,7.3,7,7.2,6.5,4.8,3,2.6,2,2.2,1.6,1.6,4.2
Vietnam,128,264,Vietnam,VNM,2002 DHS,2002 ,,,,,,,,,,,,,,,,,,,,,,,,,,,,62.1,61.3,19.2,,0.7,15.3,0.5,0.7,,10.8,,89.2,18.2,,,41.7,2.5,70,,14.3,7.4,10.5,12.8,11,7.4,7.5,7.7,7.4,7.2,5.4,3.7,2.3,2.3,2.4,2.2,1.3,1.4,4.4
Yemen,153,269,Republic of Yemen,YEM,2013 DHS,2013 ,22.1,51.4,23.6,15.7,8,,,,,,,,,,,,,,,54.6,,,,,7.2,,,58.8,58,30,,,1,10.4,10.9,5.5,46.6,3.9,49.5,23.8,71.9,61.9,37.8,3.1,66.8,80,39.7,14.1,15.1,14.9,11.6,8.9,7.5,5.6,4.7,3.3,2.7,3.4,2.1,2,1.1,1.3,0.6,1.1,6.7
Yemen,153,269,Republic of Yemen,YEM,1997 DHS,1997 ,21.2,59.6,15.2,11.2,4,,,,,,,,,,,,,,,,,,,,,,,67.2,68.4,33.8,6.5,,27.8,36.1,34.7,,39.1,,60.9,29.6,,,30.8,3.4,42.6,,19.7,,,,,,,,,,,,,,,,,,7
Zambia,5,270,Zambia,ZMB,2018 DHS,2018 ,,,,,,,,,,,,,,,,14.2 (CI: 12.9 – 15.5),8.3 (CI: 7.5 – 9.1),7.5 (CI: 6.8 – 8.3),11.1 (CI: 10.2 – 12.0),80.8,82.1,81.8,46.8,32.3,5.1,12.5,12.5,72.3,70.7,6.9,10.8,7.6,44.7,18.2,19.4,35,32.8,21,46.2,9.8,53.2,36.9,33.4,2.5,36.6,73.7,21.9,16.1,16.5,15.7,10.1,8.3,6.8,5.7,5.1,4.2,3,2.4,1.5,1.6,0.9,0.8,0.5,0.6,5
Zambia,5,270,Zambia,ZMB,2013-14 DHS,2013-14 ,22.8,67,22.8,16.1,6.7,,,,,,,,,,,15.1 (CI: 14.0 – 16.1),11.9 (CI: 10.9 – 12.8),11.3 (CI: 10.3 – 12.3),13.3 (CI: 12.4 – 14.2),74,89,88.9,47.1,31.3,11.6,21.3,21.5,64.5,63.4,7.7,9.5,13.7,51.5,21.7,22.3,33.1,27.3,17.2,55.5,16.2,40.2,32.4,34,2.6,36.9,66.4,20,17.2,17.3,15.5,9.5,7.3,6.4,6,5.1,3.9,2.8,2.5,1.7,1.6,1.2,0.8,0.6,0.6,5.1
Zimbabwe,13,271,Zimbabwe,ZWE,2015 DHS,2015 ,24.3,59.1,34.9,22.3,12.6,21.6,21.6,74.8,74.4,12,12.5,9.7,10.1,2.3,2.5,16.7 (CI: 15.5 – 17.9),11.3 (CI: 10.3 – 12.3),10.5 (CI: 9.5 – 11.5),13.8 (CI: 12.9 – 14.8),84.7,90.7,90.7,45,30.2,5.9,11.8,11.7,78.1,76.3,12.8,8.1,4.9,33.3,28.6,31.4,13.6,39.9,24.6,35.5,24.1,97.5,38.5,35.9,2,37.4,86.9,24.8,15.6,14.3,13.4,10.4,7.8,6.9,6.7,5.6,4.3,2.9,2.7,2.6,2.1,1.6,1,0.9,1.2,4.1
Zimbabwe,13,271,Zimbabwe,ZWE,2010-11 DHS,2010-11 ,23.8,61.6,31.3,20.7,10.6,21.2,21.2,75.8,75.3,8.9,9.4,7.1,7.5,1.8,1.9,17.7 (CI: 16.6 – 18.8),12.7 (CI: 11.7 – 13.7),12.3 (CI: 11.3 – 13.3),15.2 (CI: 14.3 – 16.1),84.2,91,91.2,49.6,35.3,8.3,16.7,16.9,78.7,76.7,17.3,8,3.7,36.1,20.6,22.8,21.5,37.3,24.2,38.5,28.3,56.3,43.9,41.8,2.2,36.3,62.2,18.3,14.8,13.9,14.1,10.1,8.9,8.2,6.4,5.2,3.6,2.8,3,2.6,2,1.4,1,0.9,1.2,4.1
